{"IcoMoonType":"selection","icons":[{"icon":{"paths":["M621.254 877.254l320-320c24.994-24.992 24.994-65.516 0-90.51l-320-320c-24.994-24.992-65.516-24.992-90.51 0-24.994 24.994-24.994 65.516 0 90.51l210.746 210.746h-613.49c-35.346 0-64 28.654-64 64s28.654 64 64 64h613.49l-210.746 210.746c-12.496 12.496-18.744 28.876-18.744 45.254s6.248 32.758 18.744 45.254c24.994 24.994 65.516 24.994 90.51 0z"],"tags":["arrow-right","right","next"],"defaultCode":59964,"grid":16,"attrs":[]},"attrs":[],"properties":{"ligatures":"arrow-right2, right4","name":"arrow-right2","order":2,"id":317,"prevSize":32,"code":59964},"setIdx":0,"setId":1,"iconIdx":316}],"height":1024,"metadata":{"name":"icomoon"},"preferences":{"showGlyphs":true,"showQuickUse":true,"showQuickUse2":true,"showSVGs":true,"fontPref":{"prefix":"icon-","metadata":{"fontFamily":"icomoon"},"metrics":{"emSize":1024,"baseline":6.25,"whitespace":50},"embed":false,"autoHost":true},"imagePref":{"prefix":"icon-","png":true,"useClassSelector":true,"color":0,"bgColor":16777215,"classSelector":".icon"},"historySize":50,"showCodes":true,"gridSize":16,"quickUsageToken":{"UntitledProject":"ZmQ3MDczNDA4NSMxNzM4NTQ5OTE2I1MvdGZWSUlOb2ZzblBzL0JiSTJvNUJxVjV3UW8vN3pMWXNQUGR6QytwK0pw"}}}